Pages les plus populaires,Clics,Impressions,CTR,Position
https://www.city-drop.com/fr/,52331,3649733,1.43%,44.37
https://www.city-drop.com/fr/bons-plans,3834,296601,1.29%,11.07
https://www.city-drop.com/fr/destinations-aller-simple,3769,734665,0.51%,19.62
https://blog.city-drop.com/4-methodes-pour-bloquer-le-tambour-dune-machine-a-laver-lors-dun-demenagement/,2569,45769,5.61%,7.78
https://www.city-drop.com/fr/aide,1997,184598,1.08%,7
https://www.city-drop.com/fr/notre-flotte/vehicule-5M3,1764,261505,0.67%,9.13
https://www.city-drop.com/fr/temoignages,1560,22995,6.78%,5.69
https://www.city-drop.com/fr/conditions-generales,1529,58191,2.63%,8.58
https://www.city-drop.com/fr/aller-retour,1371,477064,0.29%,7.29
https://blog.city-drop.com/cartons-gratuits/,1038,49854,2.08%,7.84
https://www.city-drop.com/fr/contact,979,132189,0.74%,3.51
https://www.city-drop.com/fr/notre-flotte/vehicule-20M3,865,357892,0.24%,7.91
https://www.city-drop.com/fr/comment-ca-marche/details,781,261717,0.3%,6.95
https://www.city-drop.com/fr/notre-flotte/vehicule-17M3,742,317558,0.23%,7.7
https://blog.city-drop.com/louer-un-utilitaire-avec-city-drop-vs-auchan-le-comparatif/,700,54444,1.29%,6.46
https://blog.city-drop.com/demenagement-les-superstitions-les-plus-courantes/,632,18139,3.48%,5.73
https://blog.city-drop.com/city-drop-vs-leclerc-qui-choisir-pour-la-location-dun-camion/,489,92174,0.53%,10.52
https://www.city-drop.com/fr/notre-flotte/vehicule-3M3,487,133169,0.37%,8.06
https://www.city-drop.com/fr/espace-client/connexion,462,235686,0.2%,6.69
https://www.city-drop.com/fr/notre-flotte/vehicule-12M3,406,360454,0.11%,7.57
https://blog.city-drop.com/est-il-autorise-de-demenager-un-dimanche/,357,9822,3.63%,5.28
https://blog.city-drop.com/comment-demenager-son-lave-vaisselle/,317,6191,5.12%,7.85
https://www.city-drop.com/fr/notre-flotte,299,152789,0.2%,4.79
https://www.city-drop.com/fr/notre-flotte/vehicule-20HM3,290,205442,0.14%,10.35
https://blog.city-drop.com/comment-demenager-une-machine-a-laver/,241,15929,1.51%,12.44
https://www.city-drop.com/fr/comment-ca-marche,240,23968,1%,4.9
https://blog.city-drop.com/ou-demenager-pres-de-paris-pour-elever-sereinement-votre-enfant/,177,2850,6.21%,9.88
https://blog.city-drop.com/demenager-un-congelateur-plein-est-ce-possible/,169,7720,2.19%,9.39
https://blog.city-drop.com/avis-city-drop/,156,38077,0.41%,6.98
https://www.city-drop.com/fr/calculateur-volume,153,20444,0.75%,15.83
https://blog.city-drop.com/nos-conseils-pour-demenager-votre-canape-en-toute-simplicite/,148,5448,2.72%,10.73
https://blog.city-drop.com/comment-transporter-des-poissons-lors-dun-demenagement-sans-danger/,130,5370,2.42%,8.91
https://www.city-drop.com/fr/a-propos,126,11563,1.09%,4.26
https://blog.city-drop.com/location-utilitaire-lyon/,123,14140,0.87%,20.01
https://blog.city-drop.com/louer-un-utilitaire-avec-city-drop-vs-intermarche/,116,77952,0.15%,10.06
https://blog.city-drop.com/comment-charger-un-camion-de-demenagement-en-10-etapes/,83,3963,2.09%,11.33
https://blog.city-drop.com/location-de-vehicule-utilitaire-avec-abandon/,78,27947,0.28%,8.04
https://blog.city-drop.com/louer-un-utilitaire-avec-city-drop-vs-rent-a-car-comment-faire-son-choix/,74,24819,0.3%,10.65
https://blog.city-drop.com/demenager-dans-un-hlm-guide-pratique-et-solutions-de-demenagement/,71,4081,1.74%,11.6
https://blog.city-drop.com/transporter-canape/,71,3025,2.35%,11.83
https://blog.city-drop.com/location-de-camion-city-drop-vs-super-u-qui-est-le-meilleur/,67,21346,0.31%,13.3
https://blog.city-drop.com/qui-prevenir-en-cas-de-demenagement-la-liste-complete-des-organismes/,56,7738,0.72%,16.89
https://blog.city-drop.com/location-utilitaire-professionnel/,53,11741,0.45%,13.91
https://blog.city-drop.com/location-utilitaire-bayonne/,50,4594,1.09%,22.07
https://www.city-drop.com/fr/mentions-legales,48,6101,0.79%,6.42
https://blog.city-drop.com/location-utilitaire-paris-bruxelles/,44,5935,0.74%,15.94
https://blog.city-drop.com/location-utilitaire-paris-geneve/,41,5546,0.74%,15.3
https://blog.city-drop.com/qui-peut-beneficier-de-la-prime-de-demenagement-caf-en-2025/,37,8119,0.46%,22.35
https://blog.city-drop.com/location-utilitaire-quimper/,35,3602,0.97%,24.33
https://blog.city-drop.com/location-au-meilleur-prix-dutilitaire-et-camion-en-aller-simple-de-paris/,33,9134,0.36%,9.87
https://blog.city-drop.com/location-au-meilleur-prix-de-camion-et-vehicule-utilitaire-en-aller-simple-a-bordeaux/,33,7427,0.44%,13.6
https://blog.city-drop.com/location-de-poids-lourd-pour-un-demenagement-sans-chauffeur/,33,4268,0.77%,25.69
https://blog.city-drop.com/comment-emballer-de-la-vaisselle-pour-un-demenagement-sans-risque-de-casse/,31,4710,0.66%,15.01
https://blog.city-drop.com/reserver-un-stationnement-pour-votre-demenagement-autorisation-et-demarches/,29,4402,0.66%,14.28
https://blog.city-drop.com/location-au-meilleur-prix-dutilitaire-et-camion-en-aller-simple-a-rennes-centre/,29,3937,0.74%,27.46
https://blog.city-drop.com/villes/,28,6066,0.46%,8.72
https://blog.city-drop.com/location-utilitaire-paris-barcelone/,28,2874,0.97%,9.04
https://blog.city-drop.com/louez-un-utilitaire-en-aller-simple-avec-kilometrage-illimite-chez-city-drop/,25,8663,0.29%,12.18
https://blog.city-drop.com/tous-nos-conseils-pour-le-demenagement-simplifie-de-votre-frigo/,25,4431,0.56%,35.07
https://blog.city-drop.com/quel-camion-demenager-t3/,25,3413,0.73%,11.26
https://blog.city-drop.com/comment-trouver-du-travail-avant-de-demenager/,25,1426,1.75%,16.74
https://blog.city-drop.com/louez-au-prix-le-plus-bas-de-camion-de-demenagement-en-aller-simple-a-toulouse/,24,4209,0.57%,10
https://blog.city-drop.com/location-au-meilleur-prix-de-camion-et-vehicule-utilitaire-en-aller-simple-a-paris/,22,14375,0.15%,9.82
https://blog.city-drop.com/location-au-meilleur-prix-de-camion-de-demenagement-en-aller-simple-a-marseille/,21,4357,0.48%,12.01
https://blog.city-drop.com/location-au-meilleur-prix-de-camion-et-vehicule-utilitaire-en-aller-simple-en-occitanie/,20,10056,0.2%,8.3
https://blog.city-drop.com/location-au-meilleur-prix-de-camion-et-utilitaire-en-aller-simple-a-lille/,20,7432,0.27%,31.07
https://blog.city-drop.com/location-au-meilleur-prix-de-camion-et-utilitaire-en-aller-simple-a-montpellier/,20,7085,0.28%,25.96
https://www.city-drop.com/fr/demande-creation-trajet,15,5094,0.29%,10.45
https://blog.city-drop.com/organiser-un-demenagement-un-jour-ferie-une-bonne-idee/,15,1095,1.37%,9.68
https://www.city-drop.com/fr/protection-donnees,19,1031,1.84%,10.54
https://www.city-drop.com/fr/alertes,14,3464,0.4%,7.63
https://blog.city-drop.com/comparateur/,14,3143,0.45%,38.6
https://blog.city-drop.com/louez-au-prix-le-plus-bas-de-camion-de-demenagement-en-aller-simple-a-nantes/,14,2192,0.64%,13.17
https://www.city-drop.com/fr/de-l-aide-pour-votre-demenagement,13,2131,0.61%,16.93
https://blog.city-drop.com/louer-un-utilitaire-avec-city-drop-vs-ada-qui-est-le-meilleur/,11,3053,0.36%,12.73
https://blog.city-drop.com/louez-au-prix-le-plus-bas-de-camion-de-demenagement-en-aller-simple-a-bordeaux-nord/,10,3072,0.33%,11.44
https://blog.city-drop.com/louez-au-prix-le-plus-bas-de-camion-de-demenagement-en-aller-simple-a-chambery/,10,747,1.34%,15.31
https://blog.city-drop.com/location-camion-avec-hayon-aller-simple/,9,4124,0.22%,25.89
https://blog.city-drop.com/demenagement-la-checklist-ultime-pour-ne-rien-oublier/,8,828,0.97%,47.8
https://blog.city-drop.com/7-conseils-pour-emmenager-dans-son-nouvel-appartement/,7,1485,0.47%,18.91
https://blog.city-drop.com/demenagement-dun-aquarium-etapes-et-conseils/,7,989,0.71%,32.78
https://blog.city-drop.com/louer-un-utilitaire-avec-city-drop-vs-europcar-comment-faire-son-choix/,6,3213,0.19%,22.18
https://blog.city-drop.com/location-utilitaire-paris-bordeaux/,6,523,1.15%,17.89
https://blog.city-drop.com/comment-gerer-un-demenagement-apres-une-separation/,6,365,1.64%,16.22
