Requêtes les plus fréquentes,Clics,Impressions,CTR,Position
location utilitaire aller simple,1336,44159,3.03%,7.77
location camion aller simple,841,25552,3.29%,8.96
location 1 euro,451,3955,11.4%,3.55
location utilitaire,262,25085,1.04%,15.09
location aller simple,248,9837,2.52%,12.26
location 1€,226,1571,14.39%,3.76
location voiture 1€,222,3405,6.52%,5.12
location camion 1€,204,882,23.13%,2.01
location voiture 1 euro,166,2204,7.53%,5.58
location camion déménagement aller simple,157,6444,2.44%,10.2
location camion déménagement,147,25200,0.58%,12.29
location camionnette aller simple,146,7665,1.9%,14.26
location utilitaire 1 euro,146,1253,11.65%,3.72
utilitaire 5m3,135,1885,7.16%,6.03
location camion,134,21090,0.64%,14.9
location 20m3,117,12448,0.94%,9.27
rent and drop,114,36833,0.31%,6.34
location utilitaire aller simple leclerc,114,10770,1.06%,8
comment bloquer un tambour de machine à laver sans vis,104,619,16.8%,3.04
bloquer tambour machine à laver,95,926,10.26%,4.18
louer camion déménagement aller simple,93,5543,1.68%,9
camion 20m3,90,35783,0.25%,5.91
location a 1 euro,84,937,8.96%,3.76
auchan location utilitaire,83,5481,1.51%,5.69
location utilitaire aller simple leclerc prix,79,6960,1.14%,7.74
location camion 20m3,77,11110,0.69%,10.32
location camion 1 euro,76,578,13.15%,5.07
camion 1€,73,440,16.59%,1.72
camion 5m3,72,4473,1.61%,6.84
utilitaire aller simple,72,4448,1.62%,17.66
location utilitaire aller simple longue distance,70,3351,2.09%,10.66
location utilitaire 1€,69,513,13.45%,2.65
5m3,66,4547,1.45%,3.33
camion aller simple,64,2806,2.28%,10.94
location camionnette,62,10925,0.57%,21.1
location utilitaire kilometrage illimité,62,2976,2.08%,8.89
camion 17m3,61,2524,2.42%,1.77
camion de déménagement aller simple,61,2257,2.7%,9.74
location camion sans retour,58,2275,2.55%,8.67
cartons déménagement gratuit,58,2100,2.76%,8.46
bloquer tambour machine à laver déménagement,56,536,10.45%,4.25
camion déménagement aller simple,54,2723,1.98%,10.51
location véhicule aller simple,52,2796,1.86%,12.53
location voiture 1€ aller simple,51,797,6.4%,5.84
camion 5m3 dimension,50,646,7.74%,2
3m3,48,7908,0.61%,4.39
location utilitaire one way,48,1786,2.69%,11.88
location fourgon aller simple,46,2158,2.13%,12.41
location utilitaire 1 euro aller simple,45,484,9.3%,4.35
location utilitaire aller simple europe,44,1017,4.33%,6.49
comment bloquer le tambour d'une machine à laver,44,332,13.25%,3.95
location véhicule utilitaire aller simple,42,3389,1.24%,20.64
camion a 1€,42,267,15.73%,2.38
location aller simple utilitaire,41,3572,1.15%,10.97
camion 1 euro,41,306,13.4%,2.1
louer utilitaire aller simple,40,3003,1.33%,11.46
location camion 20m3 aller simple,40,2612,1.53%,11.29
location utilitaire entre particulier,39,2836,1.38%,10.16
location aller simple leclerc,39,2623,1.49%,8.34
louer un camion aller simple,37,1734,2.13%,10.73
location utilitaire paris,36,7779,0.46%,15.77
location utilitaire aller simple super u,36,5073,0.71%,9.76
location utilitaire auchan,36,3696,0.97%,5.53
location camion one way,36,970,3.71%,7.32
location voiture 1 euros,33,600,5.5%,5.67
20m3,32,11288,0.28%,3.98
alquiler furgoneta solo ida,32,1693,1.89%,20
camion de déménagement,31,5250,0.59%,12.6
camionnette 5m3,31,1248,2.48%,6.04
voiture 1€,31,514,6.03%,5.71
comment bloquer tambour machine à laver,31,227,13.66%,3.77
utilitaire 5m3 dimension,30,459,6.54%,3.23
location utilitaire 29 euros,29,6468,0.45%,11.49
location voiture aller simple,29,3310,0.88%,29.98
utilitaire 3m3,28,2143,1.31%,6.29
calculateur volume,28,1406,1.99%,6.13
location 1 euros,28,730,3.84%,5.07
carton demenagement,28,729,3.84%,12.75
blocage tambour machine à laver,28,376,7.45%,3.57
location 20 m3,27,2066,1.31%,7.71
location de camion aller simple,27,1801,1.5%,14.13
location camion aller simple leclerc,27,1547,1.75%,8.3
louer un utilitaire aller simple,27,1527,1.77%,13.62
17m3,27,1070,2.52%,1.59
location vehicule 1€,27,306,8.82%,4.21
utilitaire 1 euro,27,164,16.46%,2.59
camion 12m3,26,14030,0.19%,3.16
auchan location,26,4568,0.57%,9.05
aller simple location utilitaire,26,3177,0.82%,11.45
transport machine à laver sans bloquer tambour,26,428,6.07%,6.25
utilitaire 1€,26,162,16.05%,2.17
location camion auchan,25,2751,0.91%,7.56
location utilitaire autour de moi,25,1866,1.34%,13.33
camion 5 m3,25,582,4.3%,2.81
location utilitaires aller simple,24,3807,0.63%,19.94
louer camion déménagement,24,3323,0.72%,14.76
aller simple utilitaire,24,2478,0.97%,10.89
utilitaire 5 m3,24,1271,1.89%,12.1
ville a ville,23,307,7.49%,5.78
location fourgon,22,8529,0.26%,17.86
auchan location voiture,22,3432,0.64%,7.12
location voiture auchan,22,2895,0.76%,7.01
location camion 20 m3,22,2489,0.88%,9.45
location utilitaire sans retour,22,1756,1.25%,11.87
location utilitaire particulier,22,1715,1.28%,12.32
camion location aller simple,22,1382,1.59%,14.28
location utilitaire paris aller simple,22,633,3.48%,10.32
location utilitaire 20m3,21,1919,1.09%,11.77
location utilitaire en aller simple,21,1541,1.36%,16.67
utilitaire location aller simple,21,1525,1.38%,14.76
location voiture 1 €,21,1149,1.83%,5.38
calculateur de volume,21,1134,1.85%,6.72
ramener voiture de location gratuitement,21,903,2.33%,9.92
vehicule 5m3,21,387,5.43%,1.9
location utilitaire aller simple pas cher,20,3152,0.63%,22.43
auchan location camion,20,2433,0.82%,5.12
location utilitaire km illimité,20,1336,1.5%,12.89
location camion de déménagement aller simple,20,1091,1.83%,15.38
location camionette aller simple,20,653,3.06%,13.38
combien de temps pour charger un camion de 20m3,20,419,4.77%,3.61
20 kubikmeter transporter,20,128,15.62%,1.27
déménagement aller simple,19,1134,1.68%,15.59
location one way utilitaire,19,526,3.61%,10.84
location d'utilitaire aller simple,19,488,3.89%,10.49
location à 1 euro voiture,19,160,11.88%,4.38
location 1 euro utilitaire,19,115,16.52%,2.83
location utilitaire kilométrage illimité,18,1686,1.07%,10.06
camionnette 3m3,18,659,2.73%,2.03
location 1 euro aller simple,18,152,11.84%,3.09
location camionette,17,3143,0.54%,20.84
location utilitaire 19 euros par jour,17,2903,0.59%,9.95
5m3 camion,17,609,2.79%,1.59
camion 17 m3,17,572,2.97%,1.98
one way van rental europe,17,295,5.76%,5.87
location camion 1 euros,17,162,10.49%,2.02
peut on transporter un lave vaisselle couché,17,145,11.72%,3.3
location utilitaire pas cher,16,3691,0.43%,19.66
location vehicule utilitaire,16,3532,0.45%,28.33
location camionnette déménagement,16,3207,0.5%,15.59
location 20m3 aller simple,16,1531,1.05%,11.81
louer camion aller simple,16,1273,1.26%,13.19
5 m3,16,984,1.63%,3.71
rituel avant d'entrer dans une nouvelle maison,16,756,2.12%,5.64
donne carton déménagement gratuit,16,666,2.4%,8.35
camion 17m3 dimension,16,534,3%,2.83
porte-bonheur pour une nouvelle maison,16,530,3.02%,5.05
location vehicule utilitaire aller simple,16,503,3.18%,18.14
déménagement dimanche,16,277,5.78%,5.35
camionnette location aller simple,11,303,3.63%,7.6
location voiture aller simple 1 euro,11,301,3.65%,11.49
louer une camionnette aller simple,10,318,3.14%,9.69
location camion juste aller,10,275,3.64%,7.13
déménagement le dimanche,10,254,3.94%,2.8
relocation voiture,10,238,4.2%,3.63
location utilitaire avec hayon aller simple,10,220,4.55%,7.79
ou trouver des cartons gratuit,14,983,1.42%,7.93
cartons gratuits,10,580,1.72%,8.81
peut on déplacer un congélateur en marche,16,141,11.35%,2.3
